Group,Creature ID Ref,Move Set,Override Move Set,Attack Mod,Heft Mod,Knock Force,Anim Control Code,Regions,Exhaustion,Traits,Strike Game Effect,Trigger Game Effect,Interruptible,Stamina Adj%,Stamina Recovery,Ammo Use,Cooldown,Projectile Speed Adj%,Intent Type,Precondition Label,State Label,Hit Rotation,In Air,Hold And Release,Ribbon Type,Equipment ID Ref
2,,ms-weapon-shortsword,,Light,0,Light,Attack-01,,0.1,,,,TRUE,3,0,,0,,I1,,1a,Right,FALSE,FALSE,Light,
3,patchAnim_,ms-weapon-shortsword,,Light,0,Light,Attack-02,,0.1,,,,TRUE,5,0,,0,,I1,"1a, 2a, 3a, 4a",1b,Left,FALSE,FALSE,Medium,
4,patchAnim_,ms-weapon-shortsword,,Light,1,Light,Attack-03,,0.1,,Blast1,,TRUE,5,10,,0,,I1,"1b, 2b, 3a, 4a",1c,Right,FALSE,FALSE,Medium,
5,patchAnim_,ms-weapon-shortsword,,Power,4,Heavy,Attack-04,,12,,,"PowerAttack5, WFX_AoE5, Blast5",TRUE,15,0,,0,,I1H,,1ah,Left,FALSE,TRUE,Over the Top,
6,,ms-weapon-shortsword,,Heavy,1,Medium,Attack-06,,0.2,,Blast2,Blast1,TRUE,10,0,,0,,I2,,2a,Up,FALSE,FALSE,Medium,
7,patchAnim_,ms-weapon-shortsword,,Heavy,1,Medium,Attack-07,,0.2,,Blast2,Blast1,TRUE,15,,,0,,I2,"1a, 2a, 3a, 4a",2b,Up,FALSE,FALSE,Medium,
8,patchAnim_,ms-weapon-shortsword,,Heavy,2,Medium,Attack-08,,0.2,,Blast3,Blast1,TRUE,15,30,,0,,I2,"1b, 2b, 3a, 4a",2c,Up,FALSE,FALSE,Medium,
9,,ms-weapon-shortsword,,Power,4,Heavy,Attack-09,,15,,,"PowerAttack5, WFX_AoE5, Blast5",TRUE,20,0,,0,,I2H,,2ah,Up,FALSE,TRUE,Over the Top,
10,,ms-weapon-shortsword,,Light,2,Medium,Attack-13,,4,,,"WFX_AoE2, Blast2",FALSE,25,0,,0,,I1,,1a,Down,TRUE,FALSE,Light,
11,,ms-weapon-shortsword,,Light,2,Medium,Attack-13,,4,,,"WFX_AoE2, Blast2",FALSE,25,0,,0,,I2,,1a,Up,TRUE,FALSE,Light,
12,,,,,,,,,,,,,,,,,,,,,,,,,,
13,,ms-weapon-axe,,Light,0,Medium,Attack-01,,0.2,,Blast1,,TRUE,10,0,,0,,I1,,1a,Right,FALSE,FALSE,Light,
14,patchAnim_,ms-weapon-axe,,Light,1,Medium,Attack-02,,0.2,,Blast1,,TRUE,20,0,,0,,I1,"1a, 2a, 3a, 4a",1b,Left,FALSE,FALSE,Light,
15,patchAnim_,ms-weapon-axe,,Light,2,Medium,Attack-03,,0.2,,Blast3,,TRUE,25,25,,0,,I1,"1b, 2b, 3a, 4a",1c,Right,FALSE,FALSE,Light,
16,,ms-weapon-axe,,Power,5,Ultraheavy,Attack-04,,15,,,"PowerAttack5, WFX_AoE5, Blast5",FALSE,45,0,,0,,I1H,,1ah,Left,FALSE,TRUE,Light,
17,,ms-weapon-axe,,Heavy,2,Heavy,Attack-06,,0.3,,,Blast3,TRUE,30,0,,0,,I2,,2a,Up,FALSE,FALSE,Medium,
18,patchAnim_,ms-weapon-axe,,Heavy,2,Heavy,Attack-07,,0.3,,,Blast3,TRUE,35,0,,0,,I2,"1a, 2a, 3a, 4a",2b,Up,FALSE,FALSE,Medium,
19,patchAnim_,ms-weapon-axe,,Heavy,3,Heavy,Attack-08,,0.3,,Blast3,,TRUE,40,40,,0,,I2,"1b, 2b, 3a, 4a",2c,Up,FALSE,FALSE,Medium,
20,,ms-weapon-axe,,Power,5,Ultraheavy,Attack-09,,20,,Blast3,"PowerAttack5, WFX_AoE5, Blast5",FALSE,65,0,,0,,I2H,,2ah,Up,FALSE,TRUE,Light,
21,,ms-weapon-axe,,Heavy,2,Medium,Attack-13,,5,,,"WFX_AoE2, Blast2",FALSE,50,0,,0,,I1,,1a,Down,TRUE,FALSE,Medium,
22,,ms-weapon-axe,,Heavy,2,Medium,Attack-13,,5,,,"WFX_AoE2, Blast2",FALSE,60,0,,0,,I2,,1a,Up,TRUE,FALSE,Medium,
23,,,,,,,,,,,,,,,,,,,,,,,,,,
24,,ms-weapon-axespecial,,Light,0,Medium,Attack-01,,0.2,,Blast1,,TRUE,10,0,,0,,I1,,1a,Right,FALSE,FALSE,Light,
25,patchAnim_,ms-weapon-axespecial,,Light,1,Medium,Attack-02,,0.2,,Blast1,,TRUE,20,0,,0,,I1,"1a, 2a, 3a, 4a",1b,Left,FALSE,FALSE,Light,
26,patchAnim_,ms-weapon-axespecial,,Light,2,Medium,Attack-03,,0.2,,Blast3,,TRUE,25,25,,0,,I1,"1b, 2b, 3a, 4a",1c,Right,FALSE,FALSE,Light,
27,,ms-weapon-axespecial,,Power,5,Ultraheavy,Attack-04,,25,,,"PowerAttack5, WFX_AoE5, Blast5, StunBlastSmall",FALSE,45,0,,0,,I1H,,1ah,Left,FALSE,TRUE,Light,
28,,ms-weapon-axespecial,,Heavy,2,Heavy,Attack-06,,0.3,,,Blast3,TRUE,30,0,,0,,I2,,2a,Up,FALSE,FALSE,Medium,
29,patchAnim_,ms-weapon-axespecial,,Heavy,2,Heavy,Attack-07,,0.3,,,Blast3,TRUE,35,0,,0,,I2,"1a, 2a, 3a, 4a",2b,Up,FALSE,FALSE,Medium,
30,patchAnim_,ms-weapon-axespecial,,Heavy,3,Heavy,Attack-08,,0.3,,Blast3,,TRUE,40,40,,0,,I2,"1b, 2b, 3a, 4a",2c,Up,FALSE,FALSE,Medium,
31,,ms-weapon-axespecial,,Power,5,Ultraheavy,Attack-09,,32,,Blast3,"PowerAttack5, WFX_AoE15, Blast5, StunBlast",FALSE,65,0,,0,,I2H,,2ah,Up,FALSE,TRUE,Light,
32,,ms-weapon-axespecial,,Heavy,2,Medium,Attack-13,,5,,,"WFX_AoE2, Blast2",FALSE,50,0,,0,,I1,,1a,Down,TRUE,FALSE,Medium,
33,,ms-weapon-axespecial,,Heavy,2,Medium,Attack-13,,5,,,"WFX_AoE2, Blast2",FALSE,60,0,,0,,I2,,1a,Up,TRUE,FALSE,Medium,
34,,,,,,,,,,,,,,,,,,,,,,,,,,
35,,ms-weapon-hammercharm,,Heavy,2,Heavy,Attack-01,,0.4,,Blast1,,TRUE,25,0,,0,,I1,,1a,Right,FALSE,FALSE,Light,
36,patchAnim_,ms-weapon-hammercharm,,Heavy,2,Heavy,Attack-02,,0.4,,Blast1,,TRUE,10,20,,0,,I1,"1a, 2a, 3a, 4a",1b,Left,FALSE,FALSE,Medium,
37,patchAnim_,ms-weapon-hammercharm,,Power,3,Heavy,Attack-03,,0.4,,,Blast5,FALSE,45,0,,0,,I1,"1b, 2b, 3a, 4a",1c,Right,FALSE,FALSE,Medium,
38,,ms-weapon-hammercharm,,Vitals,2,Heavy,Attack-04,,40,,,"PowerAttack5, WFX_AoE5, Blast5, HammerCharm",FALSE,75,0,,0,,I1H,,1ah,Up,FALSE,FALSE,Over the Top,
39,,ms-weapon-hammercharm,,Heavy,3,Ultraheavy,Attack-06,,0.5,,,Blast5,TRUE,40,0,,0,,I2,,2a,Up,FALSE,FALSE,Medium,
40,patchAnim_,ms-weapon-hammercharm,,Power,3,Ultraheavy,Attack-07,,0.5,,,Blast5,TRUE,40,30,,0,,I2,"1a, 2a, 3a, 4a",2b,Up,FALSE,FALSE,Over the Top,
41,patchAnim_,ms-weapon-hammercharm,,Power,4,Ultraheavy,Attack-08,,0.5,,Blast3,,FALSE,40,0,,0,,I2,"1b, 2b, 3a, 4a",2c,Up,FALSE,FALSE,Over the Top,
42,,ms-weapon-hammercharm,,Vitals,2,Ultraheavy,Attack-09,,50,,,"PowerAttack5, WFX_AoE5, Blast5, HammerCharm",TRUE,95,0,,0,,I2H,,2ah,Up,FALSE,FALSE,Over the Top,
43,,ms-weapon-hammercharm,,Heavy,3,Medium,Attack-13,,10,,,"WFX_AoE2, Blast2",FALSE,85,0,,0,,I1,,1a,Up,TRUE,FALSE,Over the Top,
44,,ms-weapon-hammercharm,,Heavy,3,Medium,Attack-13,,10,,,"WFX_AoE2, Blast2",FALSE,95,0,,0,,I2,,1a,Up,TRUE,FALSE,Over the Top,
45,,,,,,,,,,,,,,,,,,,,,,,,,,
46,,ms-weapon-rapier,,Light,0,Ultralight,Attack-01,,0.2,,,,TRUE,2,0,,0,,I1,,1a,Right,FALSE,FALSE,Light,
47,patchAnim_,ms-weapon-rapier,,Light,0,Ultralight,Attack-02,,0.2,,,,TRUE,2,0,,0,,I1,"1a, 2a, 3a, 4a",1b,Left,FALSE,FALSE,Light,
48,patchAnim_,ms-weapon-rapier,,Power,2,Ultralight,Attack-03,,0.2,,,,TRUE,5,10,,0,,I1,"1b, 2b, 3a, 4a",1c,Right,FALSE,FALSE,Light,
49,,ms-weapon-rapier,,Vitals,3,Light,Attack-04,,10,Pierce,,,FALSE,10,0,,0,,I1H,,1ah,Left,FALSE,TRUE,Light,
50,,ms-weapon-rapier,,Light,0,Ultralight,Attack-06,,0.3,,,,TRUE,15,0,,0,,I2,,2a,Up,FALSE,FALSE,Light,
51,patchAnim_,ms-weapon-rapier,,Heavy,0,Ultralight,Attack-07,,0.3,,,,FALSE,20,0,,0,,I2,"1a, 2a, 3a, 4a",2b,Up,FALSE,FALSE,Light,
52,patchAnim_,ms-weapon-rapier,,Vitals,3,Ultralight,Attack-08,,0.3,,,,FALSE,25,40,,0,,I2,"1b, 2b, 3a, 4a",2c,Up,FALSE,FALSE,Light,
53,,ms-weapon-rapier,,Vitals,3,Light,Attack-09,,15,Pierce,,,TRUE,30,0,,0,,I2H,,2ah,Up,FALSE,TRUE,Light,
54,,ms-weapon-rapier,,Light,1,Light,Attack-13,,6,,,"WFX_AoE2, Blast2",FALSE,30,0,,0,,I1,,1a,Down,TRUE,FALSE,Light,
55,,ms-weapon-rapier,,Light,1,Light,Attack-13,,6,,,"WFX_AoE2, Blast2",FALSE,40,0,,0,,I2,,1a,Up,TRUE,FALSE,Light,
56,,,,,,,,,,,,,,,,,,,,,,,,,,
57,,ms-weapon-rapierbrier,,Light,0,Ultralight,Attack-01,,0.2,,,,TRUE,2,0,,0,,I1,,1a,Right,FALSE,FALSE,Light,
58,patchAnim_,ms-weapon-rapierbrier,,Light,0,Ultralight,Attack-02,,0.2,,,,TRUE,2,0,,0,,I1,"1a, 2a, 3a, 4a",1b,Left,FALSE,FALSE,Light,
59,patchAnim_,ms-weapon-rapierbrier,,Power,2,Ultralight,Attack-03,,0.2,,,,TRUE,5,10,,0,,I1,"1b, 2b, 3a, 4a",1c,Right,FALSE,FALSE,Light,
60,,ms-weapon-rapierbrier,,Vitals,3,Light,Attack-04,,10,Pierce,BrierDebuff,,FALSE,10,0,,0,,I1H,,1ah,Left,FALSE,TRUE,Light,
61,,ms-weapon-rapierbrier,,Light,0,Ultralight,Attack-06,,0.3,,,,TRUE,15,0,,0,,I2,,2a,Up,FALSE,FALSE,Light,
62,patchAnim_,ms-weapon-rapierbrier,,Heavy,0,Ultralight,Attack-07,,0.3,,,,FALSE,20,0,,0,,I2,"1a, 2a, 3a, 4a",2b,Up,FALSE,FALSE,Light,
63,patchAnim_,ms-weapon-rapierbrier,,Vitals,3,Ultralight,Attack-08,,0.3,,,,FALSE,25,40,,0,,I2,"1b, 2b, 3a, 4a",2c,Up,FALSE,FALSE,Light,
64,,ms-weapon-rapierbrier,,Vitals,3,Light,Attack-09,,15,Pierce,BrierDebuff,,TRUE,30,0,,0,,I2H,,2ah,Up,FALSE,TRUE,Light,
65,,ms-weapon-rapierbrier,,Light,1,Light,Attack-13,,6,,,"WFX_AoE2, Blast2",FALSE,30,0,,0,,I1,,1a,Down,TRUE,FALSE,Light,
66,,ms-weapon-rapierbrier,,Light,1,Light,Attack-13,,6,,,"WFX_AoE2, Blast2",FALSE,40,0,,0,,I2,,1a,Up,TRUE,FALSE,Light,
67,,,,,,,,,,,,,,,,,,,,,,,,,,
68,,ms-weapon-rapierparry,,Light,0,Ultralight,Attack-01,,0.2,,,,TRUE,2,0,,0,,I1,,1a,Right,FALSE,FALSE,Light,
69,patchAnim_,ms-weapon-rapierparry,,Light,0,Ultralight,Attack-02,,0.2,,,,TRUE,2,0,,0,,I1,"1a, 2a, 3a, 4a",1b,Left,FALSE,FALSE,Light,
70,patchAnim_,ms-weapon-rapierparry,,Power,2,Ultralight,Attack-03,,0.2,Parry,,,TRUE,5,10,,0,,I1,"1b, 2b, 3a, 4a",1c,Right,FALSE,FALSE,Light,
71,,ms-weapon-rapierparry,,Vitals,3,Light,Attack-04,,10,"Pierce, Parry",,,FALSE,10,0,,0,,I1H,,1ah,Left,FALSE,TRUE,Light,
72,,ms-weapon-rapierparry,,Light,0,Ultralight,Attack-06,,0.3,,,,TRUE,15,0,,0,,I2,,2a,Up,FALSE,FALSE,Light,
73,patchAnim_,ms-weapon-rapierparry,,Heavy,0,Ultralight,Attack-07,,0.3,Parry,,,FALSE,20,0,,0,,I2,"1a, 2a, 3a, 4a",2b,Up,FALSE,FALSE,Light,
74,patchAnim_,ms-weapon-rapierparry,,Vitals,3,Ultralight,Attack-08,,0.3,Parry,,,FALSE,25,40,,0,,I2,"1b, 2b, 3a, 4a",2c,Up,FALSE,FALSE,Light,
75,,ms-weapon-rapierparry,,Vitals,3,Light,Attack-09,,15,"Pierce, Parry",,,TRUE,30,0,,0,,I2H,,2ah,Up,FALSE,TRUE,Light,
76,,ms-weapon-rapierparry,,Light,1,Light,Attack-13,,6,,,"WFX_AoE2, Blast2",FALSE,30,0,,0,,I1,,1a,Down,TRUE,FALSE,Light,
77,,ms-weapon-rapierparry,,Light,1,Light,Attack-13,,6,,,"WFX_AoE2, Blast2",FALSE,40,0,,0,,I2,,1a,Up,TRUE,FALSE,Light,
78,,,,,,,,,,,,,,,,,,,,,,,,,,
79,,ms-weapon-longsword,,Light,1,Heavy,Attack-01,,0.2,,Blast1,,TRUE,15,0,,0,,I1,,1a,Right,FALSE,FALSE,Light,
80,patchAnim_,ms-weapon-longsword,,Light,2,Heavy,Attack-02,,0.2,,Blast1,,TRUE,25,0,,0,,I1,"1a, 2a, 3a, 4a",1b,Left,FALSE,FALSE,Light,
81,patchAnim_,ms-weapon-longsword,,Heavy,2,Heavy,Attack-03,,0.2,,Blast3,Blast1,TRUE,30,15,,0,,I1,"1b, 2b, 3a, 4a",1c,Right,FALSE,FALSE,Light,
82,,ms-weapon-longsword,,Power,4,Ultraheavy,Attack-04,,15,"Pierce, Bash",,"PowerAttack5, WFX_AoE5, Blast5",FALSE,55,0,,0,,I1H,,1ah,Up,FALSE,TRUE,Light,
83,,ms-weapon-longsword,,Heavy,2,Heavy,Attack-06,,0.3,,Blast2,Blast1,TRUE,35,0,,0,,I2,,2a,Up,FALSE,FALSE,Light,
84,patchAnim_,ms-weapon-longsword,,Heavy,3,Heavy,Attack-07,,0.3,,Blast2,,TRUE,40,0,,0,,I2,"1a, 2a, 3a, 4a",2b,Up,FALSE,FALSE,Light,
85,patchAnim_,ms-weapon-longsword,,Power,4,Heavy,Attack-08,,0.3,,Blast3,Blast1,FALSE,45,60,,0,,I2,"1b, 2b, 3a, 4a",2c,Up,FALSE,FALSE,Light,
86,,ms-weapon-longsword,,Power,4,Ultraheavy,Attack-09,,25,"Pierce, Bash",,"PowerAttack5, WFX_AoE5, Blast5",FALSE,75,0,,0,,I2H,,2ah,Up,FALSE,TRUE,Light,
87,,ms-weapon-longsword,,Heavy,2,Ultraheavy,Attack-13,,6,,,"WFX_AoE2, Blast2",FALSE,55,0,,0,,I1,,1a,Down,TRUE,FALSE,Light,
88,,ms-weapon-longsword,,Heavy,2,Ultraheavy,Attack-13,,6,,,"WFX_AoE2, Blast2",FALSE,60,0,,0,,I2,,1a,Up,TRUE,FALSE,Light,
89,,,,,,,,,,,,,,,,,,,,,,,,,,
90,,ms-weapon-greatsword,,Heavy,2,Heavy,Attack-01,,0.3,,Blast1,,TRUE,20,0,,0,,I1,,1a,Right,FALSE,FALSE,Light,
91,patchAnim_,ms-weapon-greatsword,,Heavy,2,Heavy,Attack-02,,0.3,,Blast1,,TRUE,30,15,,0,,I1,"1a, 2a, 3a, 4a",1b,Left,FALSE,FALSE,Medium,
92,patchAnim_,ms-weapon-greatsword,,Power,2,Heavy,Attack-03,,0.3,,,Blast3,FALSE,35,0,,0,,I1,"1b, 2b, 3a, 4a",1c,Right,FALSE,FALSE,Medium,
93,,ms-weapon-greatsword,,Vitals,4,Ultraheavy,Attack-04,,20,"Pierce, Bash",,"PowerAttack5, WFX_AoE5, Blast5",FALSE,65,0,,0,,I1H,,1ah,Up,FALSE,FALSE,Over the Top,
94,,ms-weapon-greatsword,,Heavy,3,Heavy,Attack-06,,0.4,,Blast2,Blast1,TRUE,40,0,,0,,I2,,2a,Up,FALSE,FALSE,Medium,
95,patchAnim_,ms-weapon-greatsword,,Power,3,Heavy,Attack-07,,0.4,,Blast3,Blast1,TRUE,45,25,,0,,I2,"1a, 2a, 3a, 4a",2b,Up,FALSE,FALSE,Over the Top,
96,patchAnim_,ms-weapon-greatsword,,Power,3,Heavy,Attack-08,,0.4,,Blast3,Blast1,FALSE,50,0,,0,,I2,"1b, 2b, 3a, 4a",2c,Up,FALSE,FALSE,Over the Top,
97,,ms-weapon-greatsword,,Vitals,5,Ultraheavy,Attack-09,,30,"Pierce, Bash",,"PowerAttack5, WFX_AoE5, Blast5",FALSE,95,0,,0,,I2H,,2ah,Up,FALSE,FALSE,Over the Top,
98,,ms-weapon-greatsword,,Heavy,3,Heavy,Attack-13,,7,,,"WFX_AoE2, Blast2",FALSE,75,0,,0,,I1,,1a,Up,TRUE,FALSE,Over the Top,
99,,ms-weapon-greatsword,,Heavy,3,Heavy,Attack-13,,7,,,"WFX_AoE2, Blast2",FALSE,95,0,,0,,I2,,1a,Up,TRUE,FALSE,Over the Top,
100,,,,,,,,,,,,,,,,,,,,,,,,,,
101,,ms-weapon-hammer,,Heavy,2,Heavy,Attack-01,,0.4,,Blast1,,TRUE,25,0,,0,,I1,,1a,Right,FALSE,FALSE,Light,
102,patchAnim_,ms-weapon-hammer,,Heavy,2,Heavy,Attack-02,,0.4,,Blast1,,TRUE,10,20,,0,,I1,"1a, 2a, 3a, 4a",1b,Left,FALSE,FALSE,Medium,
103,patchAnim_,ms-weapon-hammer,,Power,3,Heavy,Attack-03,,0.4,,,Blast5,FALSE,45,0,,0,,I1,"1b, 2b, 3a, 4a",1c,Right,FALSE,FALSE,Medium,
104,,ms-weapon-hammer,,Vitals,4,Heavy,Attack-04,,25,Bash,,"PowerAttack5, WFX_AoE5, Blast5",FALSE,75,0,,0,,I1H,,1ah,Up,FALSE,FALSE,Over the Top,
105,,ms-weapon-hammer,,Heavy,3,Ultraheavy,Attack-06,,0.5,,,Blast5,TRUE,40,0,,0,,I2,,2a,Up,FALSE,FALSE,Medium,
106,patchAnim_,ms-weapon-hammer,,Power,3,Ultraheavy,Attack-07,,0.5,,,Blast5,TRUE,40,30,,0,,I2,"1a, 2a, 3a, 4a",2b,Up,FALSE,FALSE,Over the Top,
107,patchAnim_,ms-weapon-hammer,,Power,4,Ultraheavy,Attack-08,,0.5,,Blast3,,FALSE,40,0,,0,,I2,"1b, 2b, 3a, 4a",2c,Up,FALSE,FALSE,Over the Top,
108,,ms-weapon-hammer,,Vitals,5,Ultraheavy,Attack-09,,35,"Pierce, Bash",Blast3,"PowerAttack5, WFX_AoE5, Blast5",TRUE,95,0,,0,,I2H,,2ah,Up,FALSE,FALSE,Over the Top,
109,,ms-weapon-hammer,,Heavy,3,Medium,Attack-13,,10,,,"WFX_AoE2, Blast2",FALSE,85,0,,0,,I1,,1a,Up,TRUE,FALSE,Over the Top,
110,,ms-weapon-hammer,,Heavy,3,Medium,Attack-13,,10,,,"WFX_AoE2, Blast2",FALSE,95,0,,0,,I2,,1a,Up,TRUE,FALSE,Over the Top,
111,,,,,,,,,,,,,,,,,,,,,,,,,,
112,,ms-weapon-staffpull,,Light,3,Heavy,Attack-01,,0.5,,Blast1,PullInSmall,TRUE,25,0,,0,,I1,,1a,Right,FALSE,FALSE,Light,
113,patchAnim_,ms-weapon-staffpull,,Light,3,Heavy,Attack-02,,0.5,,Blast1,PullInSmall,TRUE,10,20,,0,,I1,"1a, 2a, 3a, 4a",1b,Left,FALSE,FALSE,Medium,
114,patchAnim_,ms-weapon-staffpull,,Light,3,Heavy,Attack-03,,0.5,,,Blast2,FALSE,45,0,,0,,I1,"1b, 2b, 3a, 4a",1c,Right,FALSE,FALSE,Medium,
115,,ms-weapon-staffpull,,Power,5,Ultraheavy,Attack-04,,25,,,"PowerAttack5, WFX_AoE5, Blast5, PullInBig",FALSE,75,0,,0,,I1H,,1ah,Up,FALSE,FALSE,Over the Top,
116,,ms-weapon-staffpull,,Heavy,4,Ultraheavy,Attack-06,,0.5,,,"Blast5, PullInSmall",TRUE,40,0,,0,,I2,,2a,Up,FALSE,FALSE,Medium,
117,patchAnim_,ms-weapon-staffpull,,Heavy,4,Ultraheavy,Attack-07,,0.5,,,"Blast5, PullInSmall",TRUE,40,30,,0,,I2,"1a, 2a, 3a, 4a",2b,Up,FALSE,FALSE,Over the Top,
118,patchAnim_,ms-weapon-staffpull,,Heavy,4,Ultraheavy,Attack-08,,0.5,,Blast3,Blast2,FALSE,40,0,,0,,I2,"1b, 2b, 3a, 4a",2c,Up,FALSE,FALSE,Over the Top,
119,,ms-weapon-staffpull,,Power,5,Ultraheavy,Attack-09,,35,,Blast3,"PowerAttack5, WFX_AoE5, Blast5, PullInBig",TRUE,95,0,,0,,I2H,,2ah,Up,FALSE,FALSE,Over the Top,
120,,ms-weapon-staffpull,,Heavy,4,Heavy,Attack-13,,2.5,,,"WFX_AoE2, Blast2",FALSE,85,0,,0,,I1,,1a,Up,TRUE,FALSE,Over the Top,
121,,ms-weapon-staffpull,,Heavy,4,Heavy,Attack-13,,2.5,,,"WFX_AoE2, Blast2",FALSE,95,0,,0,,I2,,1a,Up,TRUE,FALSE,Over the Top,
122,,,,,,,,,,,,,,,,,,,,,,,,,,
123,,ms-weapon-staffserpent,,Light,3,Heavy,Attack-01,,0.5,,Blast1,,TRUE,25,0,,0,,I1,,1a,Right,FALSE,FALSE,Light,
124,patchAnim_,ms-weapon-staffserpent,,Light,3,Heavy,Attack-02,,0.5,,Blast1,,TRUE,10,20,,0,,I1,"1a, 2a, 3a, 4a",1b,Left,FALSE,FALSE,Medium,
125,patchAnim_,ms-weapon-staffserpent,,Light,3,Heavy,Attack-03,,0.5,,,,FALSE,45,0,,0,,I1,"1b, 2b, 3a, 4a",1c,Right,FALSE,FALSE,Medium,
126,,ms-weapon-staffserpent,,Power,5,Ultraheavy,Attack-04,,25,,,"PowerAttack5, WFX_AoE5, Blast5, SerpentDoT",FALSE,75,0,,0,,I1H,,1ah,Up,FALSE,FALSE,Over the Top,
127,,ms-weapon-staffserpent,,Heavy,4,Ultraheavy,Attack-06,,0.5,,,Blast5,TRUE,40,0,,0,,I2,,2a,Up,FALSE,FALSE,Medium,
128,patchAnim_,ms-weapon-staffserpent,,Heavy,4,Ultraheavy,Attack-07,,0.5,,,Blast5,TRUE,40,30,,0,,I2,"1a, 2a, 3a, 4a",2b,Up,FALSE,FALSE,Over the Top,
129,patchAnim_,ms-weapon-staffserpent,,Heavy,4,Ultraheavy,Attack-08,,0.5,,Blast3,,FALSE,40,0,,0,,I2,"1b, 2b, 3a, 4a",2c,Up,FALSE,FALSE,Over the Top,
130,,ms-weapon-staffserpent,,Power,5,Ultraheavy,Attack-09,,35,,Blast3,"PowerAttack5, WFX_AoE5, Blast5, SerpentDoT",TRUE,95,0,,0,,I2H,,2ah,Up,FALSE,FALSE,Over the Top,
131,,ms-weapon-staffserpent,,Heavy,4,Heavy,Attack-13,,2.5,,,"WFX_AoE2, Blast2",FALSE,85,0,,0,,I1,,1a,Up,TRUE,FALSE,Over the Top,
132,,ms-weapon-staffserpent,,Heavy,4,Heavy,Attack-13,,2.5,,,"WFX_AoE2, Blast2",FALSE,95,0,,0,,I2,,1a,Up,TRUE,FALSE,Over the Top,
133,,,,,,,,,,,,,,,,,,,,,,,,,,
134,,ms-weapon-staff,,Light,3,Heavy,Attack-01,,0.5,,Blast1,,TRUE,20,0,,0,,I1,,1a,Right,FALSE,FALSE,Light,
135,patchAnim_,ms-weapon-staff,,Light,3,Heavy,Attack-02,,0.5,,Blast1,,TRUE,25,15,,0,,I1,"1a, 2a, 3a, 4a",1b,Left,FALSE,FALSE,Medium,
136,patchAnim_,ms-weapon-staff,,Light,3,Heavy,Attack-03,,0.5,,,Blast1,FALSE,35,0,,0,,I1,"1b, 2b, 3a, 4a",1c,Right,FALSE,FALSE,Medium,
137,,ms-weapon-staff,,Power,5,Ultraheavy,Attack-04,,25,Bash,,"PowerAttack5, WFX_AoE5, Blast5",TRUE,45,0,,0,,I1H,,1ah,Up,FALSE,FALSE,Over the Top,
138,,ms-weapon-staff,,Heavy,4,Ultraheavy,Attack-06,,0.5,,,Blast1,TRUE,35,0,,0,,I2,,2a,Up,FALSE,FALSE,Medium,
139,patchAnim_,ms-weapon-staff,,Heavy,4,Ultraheavy,Attack-07,,0.5,,,Blast1,TRUE,40,25,,0,,I2,"1a, 2a, 3a, 4a",2b,Up,FALSE,FALSE,Over the Top,
140,patchAnim_,ms-weapon-staff,,Heavy,4,Ultraheavy,Attack-08,,0.5,,Blast3,Blast1,FALSE,45,0,,0,,I2,"1b, 2b, 3a, 4a",2c,Up,FALSE,FALSE,Over the Top,
141,,ms-weapon-staff,,Power,5,Ultraheavy,Attack-09,,35,"Pierce, Bash",Blast3,"PowerAttack5, WFX_AoE5, Blast5",TRUE,55,0,,0,,I2H,,2ah,Up,FALSE,FALSE,Over the Top,
142,,ms-weapon-staff,,Heavy,4,Heavy,Attack-13,,2.5,,,"WFX_AoE2, Blast2",FALSE,75,0,,0,,I1,,1a,Up,TRUE,FALSE,Over the Top,
143,,ms-weapon-staff,,Heavy,4,Heavy,Attack-13,,2.5,,,"WFX_AoE2, Blast2",FALSE,95,0,,0,,I2,,1a,Up,TRUE,FALSE,Over the Top,
144,patchAnim_,ms-weapon-shield-buckler,,Light,3,Medium,Attack-12,,0.5,Parry,,,TRUE,50,0,,0,,I4,,1a,Right,FALSE,FALSE,Light,
145,patchAnim_,ms-weapon-shield-kite,,Heavy,4,Heavy,Attack-12,,1.5,"Bash, Parry",,,TRUE,100,0,,0,,I4,,1a,Right,FALSE,FALSE,Light,
146,patchAnim_,ms-weapon-crossbow,,Heavy,1,Light,Attack-11,,1,,,,TRUE,45,0,,0,,I3,,3a,Right,FALSE,FALSE,Light,
147,patchAnim_,ms-weapon-crossbow,,Vitals,2,Medium,Attack-12,,2,Parry,,,TRUE,70,0,,0,25,I4,,4a,Right,FALSE,FALSE,Light,
148,patchAnim_,ms-weapon-wand,,Heavy,2,Light,Attack-11,,2,,,,TRUE,45,0,,0,,I3,,3a,Right,FALSE,FALSE,Light,
149,patchAnim_,ms-weapon-wand,,Power,3,Medium,Attack-12,,4,,,,TRUE,70,0,,0,20,I4,,4a,Right,FALSE,FALSE,Light,
150,patchAnim_,ms-weapon-shield-cannon,,Power,3,Medium,Attack-12,,4,,,,TRUE,70,0,,0,,I4,,4a,Right,FALSE,FALSE,Light,
151,,,,,,,,,,,,,,,,,,,,,,,,,,
152,patchAnim_,ms-weapon-wandslow,,Heavy,2,Light,Attack-11,,4,,,,TRUE,45,0,,0,,I3,,3a,Right,FALSE,FALSE,Light,
153,patchAnim_,ms-weapon-wandslow,,Power,3,Medium,Attack-12,,6,,,,TRUE,70,0,,0,20,I4,,4a,Right,FALSE,FALSE,Light,
154,,,,,,,,,,,,,,,,,,,,,,,,,,
155,patchAnim_,ms-weapon-wanddot,,Heavy,2,Light,Attack-11,,4,,,,TRUE,50,0,,0,,I3,,3a,Right,FALSE,FALSE,Light,
156,patchAnim_,ms-weapon-wanddot,,Power,3,Medium,Attack-12,,6,,,,TRUE,80,0,,0,20,I4,,4a,Right,FALSE,FALSE,Light,
157,,,,,,,,,,,,,,,,,,,,,,,,,,
158,,ms-weapon-shortsword_longsword_hybrid_a,,Light,0,Light,Attack-01,,0.1,,,,TRUE,3,0,,0,,I1,,1a,Right,FALSE,FALSE,Light,
159,patchAnim_,ms-weapon-shortsword_longsword_hybrid_a,,Light,0,Light,Attack-02,,0.1,,,,TRUE,5,0,,0,,I1,"1a, 2a, 3a, 4a",1b,Left,FALSE,FALSE,Medium,
160,patchAnim_,ms-weapon-shortsword_longsword_hybrid_a,,Light,1,Light,Attack-03,,0.1,,Blast1,,TRUE,5,10,,0,,I1,"1b, 2b, 3a, 4a",1c,Right,FALSE,FALSE,Medium,
161,,ms-weapon-shortsword_longsword_hybrid_a,,Power,4,Heavy,Attack-04,,12,,,"PowerAttack5, WFX_AoE5, Blast5",TRUE,15,0,,0,,I1H,,1ah,Left,FALSE,TRUE,Over the Top,
162,,ms-weapon-shortsword_longsword_hybrid_a,,Heavy,2,Heavy,Attack-06,,0.3,,Blast2,Blast1,TRUE,35,0,,0,,I2,,2a,Up,FALSE,FALSE,Light,
163,patchAnim_,ms-weapon-shortsword_longsword_hybrid_a,,Heavy,3,Heavy,Attack-07,,0.3,,Blast2,,TRUE,40,0,,0,,I2,"1a, 2a, 3a, 4a",2b,Up,FALSE,FALSE,Light,
164,patchAnim_,ms-weapon-shortsword_longsword_hybrid_a,,Power,4,Heavy,Attack-08,,0.3,,Blast3,Blast1,FALSE,45,60,,0,,I2,"1b, 2b, 3a, 4a",2c,Up,FALSE,FALSE,Light,
165,,ms-weapon-shortsword_longsword_hybrid_a,,Power,4,Ultraheavy,Attack-09,,25,"Pierce, Bash",,"PowerAttack5, WFX_AoE5, Blast5",FALSE,75,0,,0,,I2H,,2ah,Up,FALSE,TRUE,Light,
166,,ms-weapon-shortsword_longsword_hybrid_a,,Light,2,Medium,Attack-13,,4,,,"WFX_AoE2, Blast2",FALSE,25,0,,0,,I1,,1a,Down,TRUE,FALSE,Light,
167,,ms-weapon-shortsword_longsword_hybrid_a,,Light,2,Medium,Attack-13,,4,,,"WFX_AoE2, Blast2",FALSE,25,0,,0,,I2,,1a,Up,TRUE,FALSE,Light,
168,,,,,,,,,,,,,,,,,,,,,,,,,,
169,,ms-weapon-shortsword,,Light,0,Light,Attack-01,,0.1,,,,TRUE,3,0,,0,,I1,,1a,Right,FALSE,FALSE,Light,
170,patchAnim_,ms-weapon-shortsword,,Light,0,Light,Attack-02,,0.1,,,,TRUE,5,0,,0,,I1,"1a, 2a, 3a, 4a",1b,Left,FALSE,FALSE,Medium,
171,patchAnim_,ms-weapon-shortsword,,Light,1,Light,Attack-03,,0.1,,Blast1,,TRUE,5,10,,0,,I1,"1b, 2b, 3a, 4a",1c,Right,FALSE,FALSE,Medium,
172,,ms-weapon-shortsword,ms-weapon-combo,Power,4,Heavy,Attack-04,,12,,,"PowerAttack5, WFX_AoE5",FALSE,15,0,,0,,I1H,,1ah,Left,FALSE,TRUE,Over the Top,
173,,ms-weapon-shortsword,,Heavy,1,Medium,Attack-06,,0.2,,Blast2,Blast1,TRUE,10,0,,0,,I2,,2a,Up,FALSE,FALSE,Medium,
174,patchAnim_,ms-weapon-shortsword,,Heavy,1,Medium,Attack-07,,0.2,,Blast2,Blast1,TRUE,15,,,0,,I2,"1a, 2a, 3a, 4a",2b,Up,FALSE,FALSE,Medium,
175,patchAnim_,ms-weapon-shortsword,,Heavy,2,Medium,Attack-08,,0.2,,Blast3,Blast1,TRUE,15,30,,0,,I2,"1b, 2b, 3a, 4a",2c,Up,FALSE,FALSE,Medium,
176,,ms-weapon-shortsword,,Power,4,Heavy,Attack-09,,15,,,"PowerAttack5, WFX_AoE5",FALSE,20,0,,0,,I2H,,2ah,Up,FALSE,TRUE,Over the Top,
177,,ms-weapon-shortsword,,Light,2,Medium,Attack-13,,4,,,"WFX_AoE2, Blast2",FALSE,22,0,,0,,I1,,1a,Down,TRUE,FALSE,Light,
178,,ms-weapon-shortsword,,Light,2,Medium,Attack-13,,4,,,"WFX_AoE2, Blast2",FALSE,25,0,,0,,I2,,1a,Up,TRUE,FALSE,Light,
179,,,,,,,,,,,,,,,,,,,,,,,,,,
180,,ms-weapon-rapier,,Light,0,Light,Attack-01,,0.1,,,,TRUE,3,0,,0,,I1,,1a,Right,FALSE,FALSE,Light,
181,patchAnim_,ms-weapon-rapier,,Light,0,Light,Attack-02,,0.1,,,,TRUE,5,0,,0,,I1,"1a, 2a, 3a, 4a",1b,Left,FALSE,FALSE,Medium,
182,patchAnim_,ms-weapon-rapier,ms-weapon-combo,Light,2,Light,Attack-03,,0.1,,Blast1,,TRUE,5,10,,0,,I1,"1b, 2b, 3a, 4a",1c,Right,FALSE,FALSE,Medium,
183,,ms-weapon-rapier,ms-weapon-combo,Power,3,Heavy,Attack-04,,12,,,"PowerAttack5, WFX_AoE5",FALSE,15,0,,0,,I1H,,1ah,Left,FALSE,TRUE,Over the Top,
184,,ms-weapon-rapier,,Heavy,0,Medium,Attack-06,,0.2,,Blast2,Blast1,TRUE,10,0,,0,,I2,,2a,Up,FALSE,FALSE,Medium,
185,patchAnim_,ms-weapon-rapier,,Heavy,0,Medium,Attack-07,,0.2,,Blast2,Blast1,TRUE,15,,,0,,I2,"1a, 2a, 3a, 4a",2b,Up,FALSE,FALSE,Medium,
186,patchAnim_,ms-weapon-rapier,,Heavy,3,Medium,Attack-08,,0.2,,Blast3,Blast1,TRUE,15,30,,0,,I2,"1b, 2b, 3a, 4a",2c,Up,FALSE,FALSE,Medium,
187,,ms-weapon-rapier,ms-weapon-combo,Power,3,Heavy,Attack-09,,15,,,"PowerAttack5, WFX_AoE5",FALSE,20,0,,0,,I2H,,2ah,Up,FALSE,TRUE,Over the Top,
188,,ms-weapon-rapier,,Light,1,Medium,Attack-13,,4,,,"WFX_AoE2, Blast2",FALSE,22,0,,0,,I1,,1a,Down,TRUE,FALSE,Light,
189,,ms-weapon-rapier,,Light,1,Medium,Attack-13,,4,,,"WFX_AoE2, Blast2",FALSE,25,0,,0,,I2,,1a,Up,TRUE,FALSE,Light,
190,,,,,,,,,,,,,,,,,,,,,,,,,,
191,,ms-weapon-rapierbrier,,Light,0,Light,Attack-01,,0.1,,,,TRUE,3,0,,0,,I1,,1a,Right,FALSE,FALSE,Light,
192,patchAnim_,ms-weapon-rapierbrier,,Light,0,Light,Attack-02,,0.1,,,,TRUE,5,0,,0,,I1,"1a, 2a, 3a, 4a",1b,Left,FALSE,FALSE,Medium,
193,patchAnim_,ms-weapon-rapierbrier,ms-weapon-combo,Light,2,Light,Attack-03,,0.1,,,,TRUE,5,10,,0,,I1,"1b, 2b, 3a, 4a",1c,Right,FALSE,FALSE,Medium,
194,,ms-weapon-rapierbrier,ms-weapon-combo,Power,3,Heavy,Attack-04,,12,,BrierDebuff,"PowerAttack5, WFX_AoE5",FALSE,15,0,,0,,I1H,,1ah,Left,FALSE,TRUE,Over the Top,
195,,ms-weapon-rapierbrier,,Heavy,0,Medium,Attack-06,,0.2,,,Blast1,TRUE,10,0,,0,,I2,,2a,Up,FALSE,FALSE,Medium,
196,patchAnim_,ms-weapon-rapierbrier,,Heavy,0,Medium,Attack-07,,0.2,,,Blast1,TRUE,15,,,0,,I2,"1a, 2a, 3a, 4a",2b,Up,FALSE,FALSE,Medium,
197,patchAnim_,ms-weapon-rapierbrier,,Heavy,3,Medium,Attack-08,,0.2,,,Blast1,TRUE,15,30,,0,,I2,"1b, 2b, 3a, 4a",2c,Up,FALSE,FALSE,Medium,
198,,ms-weapon-rapierbrier,ms-weapon-combo,Power,3,Heavy,Attack-09,,15,,BrierDebuff,"PowerAttack5, WFX_AoE5",FALSE,20,0,,0,,I2H,,2ah,Up,FALSE,TRUE,Over the Top,
199,,ms-weapon-rapierbrier,,Light,1,Medium,Attack-13,,4,,,"WFX_AoE2, Blast2",FALSE,22,0,,0,,I1,,1a,Down,TRUE,FALSE,Light,
200,,ms-weapon-rapierbrier,,Light,1,Medium,Attack-13,,4,,,"WFX_AoE2, Blast2",FALSE,25,0,,0,,I2,,1a,Up,TRUE,FALSE,Light,
201,,,,,,,,,,,,,,,,,,,,,,,,,,
202,,ms-weapon-rapierparry,,Light,0,Light,Attack-01,,0.1,,,,TRUE,3,0,,0,,I1,,1a,Right,FALSE,FALSE,Light,
203,patchAnim_,ms-weapon-rapierparry,,Light,0,Light,Attack-02,,0.1,,,,TRUE,5,0,,0,,I1,"1a, 2a, 3a, 4a",1b,Left,FALSE,FALSE,Medium,
204,patchAnim_,ms-weapon-rapierparry,ms-weapon-combo,Light,2,Light,Attack-03,,0.1,Parry,,,TRUE,5,10,,0,,I1,"1b, 2b, 3a, 4a",1c,Right,FALSE,FALSE,Medium,
205,,ms-weapon-rapierparry,ms-weapon-combo,Power,3,Heavy,Attack-04,,12,Parry,,"PowerAttack5, WFX_AoE5",FALSE,15,0,,0,,I1H,,1ah,Left,FALSE,TRUE,Over the Top,
206,,ms-weapon-rapierparry,,Heavy,0,Medium,Attack-06,,0.2,,,Blast1,TRUE,10,0,,0,,I2,,2a,Up,FALSE,FALSE,Medium,
207,patchAnim_,ms-weapon-rapierparry,,Heavy,0,Medium,Attack-07,,0.2,Parry,,Blast1,TRUE,15,,,0,,I2,"1a, 2a, 3a, 4a",2b,Up,FALSE,FALSE,Medium,
208,patchAnim_,ms-weapon-rapierparry,,Heavy,3,Medium,Attack-08,,0.2,Parry,,Blast1,TRUE,15,30,,0,,I2,"1b, 2b, 3a, 4a",2c,Up,FALSE,FALSE,Medium,
209,,ms-weapon-rapierparry,ms-weapon-combo,Power,3,Heavy,Attack-09,,15,Parry,,"PowerAttack5, WFX_AoE5",FALSE,20,0,,0,,I2H,,2ah,Up,FALSE,TRUE,Over the Top,
210,,ms-weapon-rapierparry,,Light,1,Medium,Attack-13,,4,,,"WFX_AoE2, Blast2",FALSE,22,0,,0,,I1,,1a,Down,TRUE,FALSE,Light,
211,,ms-weapon-rapierparry,,Light,1,Medium,Attack-13,,4,,,"WFX_AoE2, Blast2",FALSE,25,0,,0,,I2,,1a,Up,TRUE,FALSE,Light,
212,,,,,,,,,,,,,,,,,,,,,,,,,,
213,,ms-weapon-longsword,,Light,1,Light,Attack-01,,0.1,,,,TRUE,3,0,,0,,I1,,1a,Right,FALSE,FALSE,Light,
214,patchAnim_,ms-weapon-longsword,,Light,2,Light,Attack-02,,0.1,,,,TRUE,5,0,,0,,I1,"1a, 2a, 3a, 4a",1b,Left,FALSE,FALSE,Medium,
215,patchAnim_,ms-weapon-longsword,,Light,2,Light,Attack-03,,0.1,,Blast1,,TRUE,5,10,,0,,I1,"1b, 2b, 3a, 4a",1c,Right,FALSE,FALSE,Medium,
216,,ms-weapon-longsword,,Power,4,Heavy,Attack-04,,10,,,"PowerAttack5, WFX_AoE5",FALSE,15,0,,0,,I1H,,1ah,Left,FALSE,TRUE,Over the Top,
217,,ms-weapon-longsword,,Heavy,2,Medium,Attack-06,,0.2,,Blast2,Blast1,TRUE,10,0,,0,,I2,,2a,Up,FALSE,FALSE,Medium,
218,patchAnim_,ms-weapon-longsword,,Heavy,3,Medium,Attack-07,,0.2,,Blast2,Blast1,TRUE,15,,,0,,I2,"1a, 2a, 3a, 4a",2b,Up,FALSE,FALSE,Medium,
219,patchAnim_,ms-weapon-longsword,,Heavy,4,Medium,Attack-08,,0.2,,Blast3,Blast1,TRUE,15,30,,0,,I2,"1b, 2b, 3a, 4a",2c,Up,FALSE,FALSE,Medium,
220,,ms-weapon-longsword,,Power,4,Heavy,Attack-09,,12,,,"PowerAttack5, WFX_AoE5",FALSE,20,0,,0,,I2H,,2ah,Up,FALSE,TRUE,Over the Top,
221,,ms-weapon-longsword,,Light,2,Medium,Attack-13,,4,,,"WFX_AoE2, Blast2",FALSE,22,0,,0,,I1,,1a,Down,TRUE,FALSE,Light,
222,,ms-weapon-longsword,,Light,2,Medium,Attack-13,,4,,,"WFX_AoE2, Blast2",FALSE,25,0,,0,,I2,,1a,Up,TRUE,FALSE,Light,
223,,,,,,,,,,,,,,,,,,,,,,,,,,
224,,ms-weapon-greatsword,,Heavy,2,Heavy,Attack-01,,0.3,,Blast1,,TRUE,20,0,,0,,I1,,1a,Right,FALSE,FALSE,Light,
225,patchAnim_,ms-weapon-greatsword,,Heavy,2,Heavy,Attack-02,,0.3,,Blast1,,FALSE,30,15,,0,,I1,"1a, 2a, 3a, 4a",1b,Left,FALSE,FALSE,Medium,
226,patchAnim_,ms-weapon-greatsword,,Heavy,2,Heavy,Attack-03,,0.3,,,Blast3,FALSE,35,0,,0,,I1,"1b, 2b, 3a, 4a",1c,Right,FALSE,FALSE,Medium,
227,,ms-weapon-greatsword,ms-weapon-combo,Power,4,Ultraheavy,Attack-04,,12,"Pierce, Bash",,"PowerAttack4, WFX_AoE4",FALSE,65,0,,0,,I1H,,1ah,Up,FALSE,FALSE,Over the Top,
228,,ms-weapon-greatsword,,Heavy,2,Heavy,Attack-06,,0.4,,Blast2,Blast1,TRUE,40,0,,0,,I2,,2a,Up,FALSE,FALSE,Medium,
229,patchAnim_,ms-weapon-greatsword,,Heavy,2,Heavy,Attack-07,,0.4,,Blast3,Blast1,TRUE,45,25,,0,,I2,"1a, 2a, 3a, 4a",2b,Up,FALSE,FALSE,Over the Top,
230,patchAnim_,ms-weapon-greatsword,,Heavy,3,Heavy,Attack-08,,0.4,,Blast3,Blast1,FALSE,50,0,,0,,I2,"1b, 2b, 3a, 4a",2c,Up,FALSE,FALSE,Over the Top,
231,,ms-weapon-greatsword,ms-weapon-combo,Power,5,Ultraheavy,Attack-09,,20,"Pierce, Bash",,"PowerAttack7, WFX_AoE7",FALSE,95,0,,0,,I2H,,2ah,Up,FALSE,FALSE,Over the Top,
232,,ms-weapon-greatsword,,Heavy,3,Heavy,Attack-13,,7,,,"WFX_AoE2, Blast2, PowerAttack2",FALSE,75,0,,0,,I1,,1a,Up,TRUE,FALSE,Over the Top,
233,,ms-weapon-greatsword,,Heavy,3,Heavy,Attack-13,,7,,,"WFX_AoE2, Blast2, PowerAttack2",FALSE,95,0,,0,,I2,,1a,Up,TRUE,FALSE,Over the Top,
234,,,,,,,,,,,,,,,,,,,,,,,,,,
235,,ms-weapon-staff,,Light,3,Heavy,Attack-01,,0.5,,Blast1,,TRUE,20,0,,0,,I1,,1a,Right,FALSE,FALSE,Light,
236,patchAnim_,ms-weapon-staff,ms-weapon-combo,Light,3,Heavy,Attack-02,,0.5,,Blast1,,TRUE,25,15,,0,,I1,"1a, 2a, 3a, 4a",1b,Left,FALSE,FALSE,Medium,
237,patchAnim_,ms-weapon-staff,,Light,3,Heavy,Attack-03,,0.5,,,Blast1,FALSE,35,0,,0,,I1,"1b, 2b, 3a, 4a",1c,Right,FALSE,FALSE,Medium,
238,,ms-weapon-staff,,Power,5,Ultraheavy,Attack-04,,18,Bash,,"PowerAttack5, WFX_AoE5, Blast5",FALSE,45,0,,0,,I1H,,1ah,Up,FALSE,FALSE,Over the Top,
239,,ms-weapon-staff,,Heavy,4,Ultraheavy,Attack-06,,0.5,,,Blast1,TRUE,35,0,,0,,I2,,2a,Up,FALSE,FALSE,Medium,
240,patchAnim_,ms-weapon-staff,,Heavy,4,Ultraheavy,Attack-07,,0.5,,,Blast1,TRUE,40,25,,0,,I2,"1a, 2a, 3a, 4a",2b,Up,FALSE,FALSE,Over the Top,
241,patchAnim_,ms-weapon-staff,,Heavy,4,Ultraheavy,Attack-08,,0.5,,Blast3,Blast1,FALSE,45,0,,0,,I2,"1b, 2b, 3a, 4a",2c,Up,FALSE,FALSE,Over the Top,
242,,ms-weapon-staff,,Power,5,Ultraheavy,Attack-09,,25,"Pierce, Bash",Blast3,"PowerAttack5, WFX_AoE5, Blast5",FALSE,55,0,,0,,I2H,,2ah,Up,FALSE,FALSE,Over the Top,
243,,ms-weapon-staff,,Heavy,4,Heavy,Attack-13,,2.5,,,"WFX_AoE2, Blast2",FALSE,75,0,,0,,I1,,1a,Up,TRUE,FALSE,Over the Top,
244,,ms-weapon-staff,,Heavy,4,Heavy,Attack-13,,2.5,,,"WFX_AoE2, Blast2",FALSE,95,0,,0,,I2,,1a,Up,TRUE,FALSE,Over the Top,
245,,,,,,,,,,,,,,,,,,,,,,,,,,
246,,ms-weapon-staffpull,,Light,3,Heavy,Attack-01,,0.5,,Blast1,PullInSmall,TRUE,20,0,,0,,I1,,1a,Right,FALSE,FALSE,Light,
247,patchAnim_,ms-weapon-staffpull,ms-weapon-combo,Light,3,Heavy,Attack-02,,0.5,,Blast1,PullInSmall,TRUE,25,15,,0,,I1,"1a, 2a, 3a, 4a",1b,Left,FALSE,FALSE,Medium,
248,patchAnim_,ms-weapon-staffpull,,Light,3,Heavy,Attack-03,,0.5,,,Blast2,FALSE,35,0,,0,,I1,"1b, 2b, 3a, 4a",1c,Right,FALSE,FALSE,Medium,
249,,ms-weapon-staffpull,,Power,5,Ultraheavy,Attack-04,,25,Bash,,"PowerAttack5, WFX_AoE5, Blast5, PullInBig",FALSE,45,0,,0,,I1H,,1ah,Up,FALSE,FALSE,Over the Top,
250,,ms-weapon-staffpull,,Heavy,4,Ultraheavy,Attack-06,,0.5,,,"Blast5, PullInSmall",TRUE,35,0,,0,,I2,,2a,Up,FALSE,FALSE,Medium,
251,patchAnim_,ms-weapon-staffpull,,Heavy,4,Ultraheavy,Attack-07,,0.5,,,"Blast5, PullInSmall",TRUE,40,25,,0,,I2,"1a, 2a, 3a, 4a",2b,Up,FALSE,FALSE,Over the Top,
252,patchAnim_,ms-weapon-staffpull,,Heavy,4,Ultraheavy,Attack-08,,0.5,,Blast3,Blast2,FALSE,45,0,,0,,I2,"1b, 2b, 3a, 4a",2c,Up,FALSE,FALSE,Over the Top,
253,,ms-weapon-staffpull,,Power,5,Ultraheavy,Attack-09,,35,"Pierce, Bash",Blast3,"PowerAttack5, WFX_AoE5, Blast5, PullInBig",FALSE,55,0,,0,,I2H,,2ah,Up,FALSE,FALSE,Over the Top,
254,,ms-weapon-staffpull,,Heavy,4,Heavy,Attack-13,,2.5,,,"WFX_AoE2, Blast2",FALSE,75,0,,0,,I1,,1a,Up,TRUE,FALSE,Over the Top,
255,,ms-weapon-staffpull,,Heavy,4,Heavy,Attack-13,,2.5,,,"WFX_AoE2, Blast2",FALSE,95,0,,0,,I2,,1a,Up,TRUE,FALSE,Over the Top,
256,,,,,,,,,,,,,,,,,,,,,,,,,,
257,,ms-weapon-staffserpent,,Light,3,Heavy,Attack-01,,0.5,,Blast1,,TRUE,20,0,,0,,I1,,1a,Right,FALSE,FALSE,Light,
258,patchAnim_,ms-weapon-staffserpent,ms-weapon-combo,Light,3,Heavy,Attack-02,,0.5,,Blast1,,TRUE,25,15,,0,,I1,"1a, 2a, 3a, 4a",1b,Left,FALSE,FALSE,Medium,
259,patchAnim_,ms-weapon-staffserpent,,Light,3,Heavy,Attack-03,,0.5,,,Blast1,FALSE,35,0,,0,,I1,"1b, 2b, 3a, 4a",1c,Right,FALSE,FALSE,Medium,
260,,ms-weapon-staffserpent,,Power,5,Ultraheavy,Attack-04,,25,Bash,,"PowerAttack5, WFX_AoE5, Blast5, SerpentDoT",FALSE,45,0,,0,,I1H,,1ah,Up,FALSE,FALSE,Over the Top,
261,,ms-weapon-staffserpent,,Heavy,4,Ultraheavy,Attack-06,,0.5,,,Blast1,TRUE,35,0,,0,,I2,,2a,Up,FALSE,FALSE,Medium,
262,patchAnim_,ms-weapon-staffserpent,,Heavy,4,Ultraheavy,Attack-07,,0.5,,,Blast1,TRUE,40,25,,0,,I2,"1a, 2a, 3a, 4a",2b,Up,FALSE,FALSE,Over the Top,
263,patchAnim_,ms-weapon-staffserpent,,Heavy,4,Ultraheavy,Attack-08,,0.5,,Blast3,Blast1,FALSE,45,0,,0,,I2,"1b, 2b, 3a, 4a",2c,Up,FALSE,FALSE,Over the Top,
264,,ms-weapon-staffserpent,,Power,5,Ultraheavy,Attack-09,,35,"Pierce, Bash",Blast3,"PowerAttack5, WFX_AoE5, Blast5, SerpentDoT",FALSE,55,0,,0,,I2H,,2ah,Up,FALSE,FALSE,Over the Top,
265,,ms-weapon-staffserpent,,Heavy,4,Heavy,Attack-13,,2.5,,,"WFX_AoE2, Blast2",FALSE,75,0,,0,,I1,,1a,Up,TRUE,FALSE,Over the Top,
266,,ms-weapon-staffserpent,,Heavy,4,Heavy,Attack-13,,2.5,,,"WFX_AoE2, Blast2",FALSE,95,0,,0,,I2,,1a,Up,TRUE,FALSE,Over the Top,
267,,,,,,,,,,,,,,,,,,,,,,,,,,
268,,ms-weapon-hammer,,Heavy,2,Heavy,Attack-01,,0.4,,Blast1,,TRUE,20,0,,0,,I1,,1a,Right,FALSE,FALSE,Light,
269,patchAnim_,ms-weapon-hammer,ms-weapon-combo,Heavy,2,Heavy,Attack-02,,0.4,,Blast1,,TRUE,35,20,,0,,I1,"1a, 2a, 3a, 4a",1b,Left,FALSE,FALSE,Medium,
270,patchAnim_,ms-weapon-hammer,,Heavy,3,Heavy,Attack-03,,0.4,,,Blast5,FALSE,40,0,,0,,I1,"1b, 2b, 3a, 4a",1c,Right,FALSE,FALSE,Medium,
271,,ms-weapon-hammer,,Power,4,Heavy,Attack-04,,25,Bash,,"PowerAttack5, WFX_AoE5",FALSE,75,0,,0,,I1H,,1ah,Up,FALSE,FALSE,Over the Top,
272,,ms-weapon-hammer,,Heavy,3,Ultraheavy,Attack-06,,0.5,,,Blast5,TRUE,45,0,,0,,I2,,2a,Up,FALSE,FALSE,Medium,
273,patchAnim_,ms-weapon-hammer,,Heavy,3,Ultraheavy,Attack-07,,0.5,,,Blast5,TRUE,50,30,,0,,I2,"1a, 2a, 3a, 4a",2b,Up,FALSE,FALSE,Over the Top,
274,patchAnim_,ms-weapon-hammer,,Heavy,4,Ultraheavy,Attack-08,,0.5,,Blast3,,FALSE,55,0,,0,,I2,"1b, 2b, 3a, 4a",2c,Up,FALSE,FALSE,Over the Top,
275,,ms-weapon-hammer,,Power,5,Ultraheavy,Attack-09,,35,"Pierce, Bash",Blast3,"PowerAttack5, WFX_AoE5",FALSE,95,0,,0,,I2H,,2ah,Up,FALSE,FALSE,Over the Top,
276,,ms-weapon-hammer,,Heavy,3,Medium,Attack-13,,10,,,"WFX_AoE2, Blast2",FALSE,85,0,,0,,I1,,1a,Up,TRUE,FALSE,Over the Top,
277,,ms-weapon-hammer,,Heavy,3,Medium,Attack-13,,10,,,"WFX_AoE2, Blast2",FALSE,95,0,,0,,I2,,1a,Up,TRUE,FALSE,Over the Top,
278,,,,,,,,,,,,,,,,,,,,,,,,,,
279,,ms-weapon-hammercharm,,Heavy,2,Heavy,Attack-01,,0.4,,Blast1,,TRUE,20,0,,0,,I1,,1a,Right,FALSE,FALSE,Light,
280,patchAnim_,ms-weapon-hammercharm,ms-weapon-combo,Heavy,2,Heavy,Attack-02,,0.4,,Blast1,,TRUE,35,20,,0,,I1,"1a, 2a, 3a, 4a",1b,Left,FALSE,FALSE,Medium,
281,patchAnim_,ms-weapon-hammercharm,,Heavy,3,Heavy,Attack-03,,0.4,,,Blast5,FALSE,40,0,,0,,I1,"1b, 2b, 3a, 4a",1c,Right,FALSE,FALSE,Medium,
282,,ms-weapon-hammercharm,,Power,2,Heavy,Attack-04,,38,,,"PowerAttack5, WFX_AoE5, Blast5, HammerCharm",FALSE,75,0,,0,,I1H,,1ah,Up,FALSE,FALSE,Over the Top,
283,,ms-weapon-hammercharm,,Heavy,3,Ultraheavy,Attack-06,,0.5,,,Blast5,TRUE,45,0,,0,,I2,,2a,Up,FALSE,FALSE,Medium,
284,patchAnim_,ms-weapon-hammercharm,,Heavy,3,Ultraheavy,Attack-07,,0.5,,,Blast5,TRUE,50,30,,0,,I2,"1a, 2a, 3a, 4a",2b,Up,FALSE,FALSE,Over the Top,
285,patchAnim_,ms-weapon-hammercharm,,Heavy,4,Ultraheavy,Attack-08,,0.5,,Blast3,,FALSE,55,0,,0,,I2,"1b, 2b, 3a, 4a",2c,Up,FALSE,FALSE,Over the Top,
286,,ms-weapon-hammercharm,,Power,2,Ultraheavy,Attack-09,,50,,Blast1,"PowerAttack5, WFX_AoE5, Blast5, HammerCharm",FALSE,95,0,,0,,I2H,,2ah,Up,FALSE,FALSE,Over the Top,
287,,ms-weapon-hammercharm,,Heavy,3,Medium,Attack-13,,10,,,"WFX_AoE2, Blast2",FALSE,85,0,,0,,I1,,1a,Up,TRUE,FALSE,Over the Top,
288,,ms-weapon-hammercharm,,Heavy,3,Medium,Attack-13,,10,,,"WFX_AoE2, Blast2",FALSE,95,0,,0,,I2,,1a,Up,TRUE,FALSE,Over the Top,
289,,,,,,,,,,,,,,,,,,,,,,,,,,
290,,ms-weapon-axe,,Heavy,0,Heavy,Attack-01,,0.4,,Blast1,,TRUE,20,0,,0,,I1,,1a,Right,FALSE,FALSE,Light,
291,patchAnim_,ms-weapon-axe,,Heavy,1,Heavy,Attack-02,,0.4,,Blast1,,TRUE,35,20,,0,,I1,"1a, 2a, 3a, 4a",1b,Left,FALSE,FALSE,Medium,
292,patchAnim_,ms-weapon-axe,,Heavy,2,Heavy,Attack-03,,0.4,,,Blast5,FALSE,40,0,,0,,I1,"1b, 2b, 3a, 4a",1c,Right,FALSE,FALSE,Medium,
293,,ms-weapon-axe,,Power,5,Heavy,Attack-04,,25,Bash,,"PowerAttack5, WFX_AoE5",FALSE,75,0,,0,,I1H,,1ah,Up,FALSE,FALSE,Over the Top,
294,,ms-weapon-axe,,Heavy,2,Ultraheavy,Attack-06,,0.5,,,"Bomb1, Blast5",TRUE,45,0,,0,,I2,,2a,Up,FALSE,FALSE,Medium,
295,patchAnim_,ms-weapon-axe,,Heavy,2,Ultraheavy,Attack-07,,0.5,,,"Bomb1, Blast5",TRUE,50,30,,0,,I2,"1a, 2a, 3a, 4a",2b,Up,FALSE,FALSE,Over the Top,
296,patchAnim_,ms-weapon-axe,,Heavy,3,Ultraheavy,Attack-08,,0.5,,Blast3,"Bomb1, Blast5",FALSE,55,0,,0,,I2,"1b, 2b, 3a, 4a",2c,Up,FALSE,FALSE,Over the Top,
297,,ms-weapon-axe,,Power,5,Ultraheavy,Attack-09,,35,"Pierce, Bash",Blast3,"PowerAttack5, WFX_AoE5",FALSE,95,0,,0,,I2H,,2ah,Up,FALSE,FALSE,Over the Top,
298,,ms-weapon-axe,,Heavy,2,Medium,Attack-13,,10,,,"WFX_AoE2, Blast2",FALSE,85,0,,0,,I1,,1a,Up,TRUE,FALSE,Over the Top,
299,,ms-weapon-axe,,Heavy,2,Medium,Attack-13,,10,,,"WFX_AoE2, Blast2",FALSE,95,0,,0,,I2,,1a,Up,TRUE,FALSE,Over the Top,
300,,,,,,,,,,,,,,,,,,,,,,,,,,
301,,ms-weapon-axespecial,,Light,0,Medium,Attack-01,,0.2,,Blast1,,TRUE,10,0,,0,,I1,,1a,Right,FALSE,FALSE,Light,
302,patchAnim_,ms-weapon-axespecial,,Light,2,Medium,Attack-02,,0.2,,Blast1,,TRUE,20,0,,0,,I1,"1a, 2a, 3a, 4a",1b,Left,FALSE,FALSE,Light,
303,patchAnim_,ms-weapon-axespecial,,Light,2,Medium,Attack-03,,0.2,,Blast3,,TRUE,25,25,,0,,I1,"1b, 2b, 3a, 4a",1c,Right,FALSE,FALSE,Light,
304,,ms-weapon-axespecial,,Power,5,Ultraheavy,Attack-04,,25,,,"PowerAttack5, WFX_AoE5, Blast5, StunBlastSmall",FALSE,45,0,,0,,I1H,,1ah,Left,FALSE,TRUE,Light,
305,,ms-weapon-axespecial,,Heavy,2,Heavy,Attack-06,,0.3,,,Blast3,TRUE,30,0,,0,,I2,,2a,Up,FALSE,FALSE,Medium,
306,patchAnim_,ms-weapon-axespecial,,Heavy,2,Heavy,Attack-07,,0.3,,,Blast3,TRUE,35,0,,0,,I2,"1a, 2a, 3a, 4a",2b,Up,FALSE,FALSE,Medium,
307,patchAnim_,ms-weapon-axespecial,,Heavy,3,Heavy,Attack-08,,0.3,,Blast3,,TRUE,40,40,,0,,I2,"1b, 2b, 3a, 4a",2c,Up,FALSE,FALSE,Medium,
308,,ms-weapon-axespecial,,Power,5,Ultraheavy,Attack-09,,32,,Blast3,"PowerAttack5, WFX_AoE15, Blast5, StunBlast",FALSE,65,0,,0,,I2H,,2ah,Up,FALSE,TRUE,Light,
309,,ms-weapon-axespecial,,Heavy,2,Medium,Attack-13,,5,,,"WFX_AoE2, Blast2",FALSE,50,0,,0,,I1,,1a,Down,TRUE,FALSE,Medium,
310,,ms-weapon-axespecial,,Heavy,2,Medium,Attack-13,,5,,,"WFX_AoE2, Blast2",FALSE,60,0,,0,,I2,,1a,Up,TRUE,FALSE,Medium,
311,,,,,,,,,,,,,,,,,,,,,,,,,,
312,patchAnim_,ms-weapon-shield-buckler,,Light,3,Medium,Attack-12,,3,Parry,,"WFX_AoE3, Blast3",TRUE,50,0,,0,,I4,,1a,Right,FALSE,FALSE,Light,
313,patchAnim_,ms-weapon-shield-kite,,Heavy,4,Heavy,Attack-12,,5,"Bash, Parry",,"WFX_AoE5, Blast5, Ruckus_Small, Bomb5",TRUE,100,0,,0,,I4,,1a,Right,FALSE,FALSE,Light,
314,patchAnim_,ms-weapon-crossbow,,Heavy,1,Light,Attack-11,,1,,,,TRUE,45,0,,0,,I3,,3a,Right,FALSE,FALSE,Light,
315,patchAnim_,ms-weapon-crossbow,,Vitals,2,Medium,Attack-12,,2,Parry,,,TRUE,70,0,,0,25,I4,,4a,Right,FALSE,FALSE,Light,
316,patchAnim_,ms-weapon-wand,,Heavy,2,Light,Attack-11,,2,,,,TRUE,45,0,,0,,I3,,3a,Right,FALSE,FALSE,Light,
317,patchAnim_,ms-weapon-wand,,Power,3,Medium,Attack-12,,4,,,,TRUE,70,0,,0,,I4,,4a,Right,FALSE,FALSE,Light,
318,patchAnim_,ms-weapon-shield-cannon,,Power,3,Medium,Attack-12,,4,,,,TRUE,70,0,,0,,I4,,4a,Right,FALSE,FALSE,Light,
319,,,,,,,,,,,,,,,,,,,,,,,,,,
320,patchAnim_,ms-weapon-wandslow,,Heavy,2,Light,Attack-11,,4,,,,TRUE,45,0,,0,,I3,,3a,Right,FALSE,FALSE,Light,
321,patchAnim_,ms-weapon-wandslow,,Power,3,Medium,Attack-12,,6,,,,TRUE,70,0,,0,20,I4,,4a,Right,FALSE,FALSE,Light,
322,,,,,,,,,,,,,,,,,,,,,,,,,,
323,patchAnim_,ms-weapon-wanddot,,Heavy,2,Light,Attack-11,,4,,,,TRUE,50,0,,0,,I3,,3a,Right,FALSE,FALSE,Light,
324,patchAnim_,ms-weapon-wanddot,,Power,3,Medium,Attack-12,,6,,,,TRUE,80,0,,0,20,I4,,4a,Right,FALSE,FALSE,Light,
325,,,,,,,,,,,,,,,,,,,,,,,,,,
326,,ms-weapon-shortsword,,Light,0,Light,Attack-01,,0.1,,,,TRUE,3,0,,0,,I1,,1a,Right,FALSE,FALSE,Light,
327,patchAnim_,ms-weapon-shortsword,,Light,0,Light,Attack-02,,0.1,,,,TRUE,5,0,,0,,I1,"1a, 2a, 3a, 4a",1b,Left,FALSE,FALSE,Medium,
328,patchAnim_,ms-weapon-shortsword,,Light,1,Light,Attack-03,,0.1,,Blast1,,TRUE,5,10,,0,,I1,"1b, 2b, 3a, 4a",1c,Right,FALSE,FALSE,Medium,
329,,ms-weapon-shortsword,,Power,5,Heavy,Attack-04,,12,,,"PowerAttack5, WFX_AoE5",FALSE,15,0,,0,,I1H,,1ah,Left,FALSE,TRUE,Over the Top,
330,,ms-weapon-shortsword,,Heavy,2,Medium,Attack-06,,0.2,,Blast2,Blast1,TRUE,10,0,,0,,I2,,2a,Up,FALSE,FALSE,Medium,
331,patchAnim_,ms-weapon-shortsword,,Heavy,2,Medium,Attack-07,,0.2,,Blast2,Blast1,TRUE,15,,,0,,I2,"1a, 2a, 3a, 4a",2b,Up,FALSE,FALSE,Medium,
332,patchAnim_,ms-weapon-shortsword,,Heavy,1,Medium,Attack-08,,0.2,,Blast3,Blast1,TRUE,15,30,,0,,I2,"1b, 2b, 3a, 4a",2c,Up,FALSE,FALSE,Medium,
333,,ms-weapon-shortsword,,Power,5,Heavy,Attack-09,,15,,,"PowerAttack5, WFX_AoE5",FALSE,20,0,,0,,I2H,,2ah,Up,FALSE,TRUE,Over the Top,
334,,ms-weapon-shortsword,,Light,1,Medium,Attack-13,,4,,,"WFX_AoE2, Blast2",FALSE,22,0,,0,,I1,,1a,Down,TRUE,FALSE,Light,
335,,ms-weapon-shortsword,,Light,1,Medium,Attack-13,,4,,,"WFX_AoE2, Blast2",FALSE,25,0,,0,,I2,,1a,Up,TRUE,FALSE,Light,
336,,,,,,,,,,,,,,,,,,,,,,,,,,
337,,ms-weapon-rapier,,Light,0,Light,Attack-01,,0.1,,,,TRUE,3,0,,0,,I1,,1a,Right,FALSE,FALSE,Light,
338,patchAnim_,ms-weapon-rapier,,Light,0,Light,Attack-02,,0.1,,,,TRUE,5,0,,0,,I1,"1a, 2a, 3a, 4a",1b,Left,FALSE,FALSE,Medium,
339,patchAnim_,ms-weapon-rapier,,Light,1,Light,Attack-03,,0.1,,Blast1,,TRUE,5,10,,0,,I1,"1b, 2b, 3a, 4a",1c,Right,FALSE,FALSE,Medium,
340,,ms-weapon-rapier,,Power,5,Heavy,Attack-04,,12,,,"PowerAttack5, WFX_AoE5",FALSE,15,0,,0,,I1H,,1ah,Left,FALSE,TRUE,Over the Top,
341,,ms-weapon-rapier,,Heavy,2,Medium,Attack-06,,0.2,,Blast2,Blast1,TRUE,10,0,,0,,I2,,2a,Up,FALSE,FALSE,Medium,
342,patchAnim_,ms-weapon-rapier,,Heavy,2,Medium,Attack-07,,0.2,,Blast2,Blast1,TRUE,15,,,0,,I2,"1a, 2a, 3a, 4a",2b,Up,FALSE,FALSE,Medium,
343,patchAnim_,ms-weapon-rapier,,Heavy,1,Medium,Attack-08,,0.2,,Blast3,Blast1,TRUE,15,30,,0,,I2,"1b, 2b, 3a, 4a",2c,Up,FALSE,FALSE,Medium,
344,,ms-weapon-rapier,,Power,5,Heavy,Attack-09,,15,,,"PowerAttack5, WFX_AoE5",FALSE,20,0,,0,,I2H,,2ah,Up,FALSE,TRUE,Over the Top,
345,,ms-weapon-rapier,,Light,1,Medium,Attack-13,,4,,,"WFX_AoE2, Blast2",FALSE,22,0,,0,,I1,,1a,Down,TRUE,FALSE,Light,
346,,ms-weapon-rapier,,Light,1,Medium,Attack-13,,4,,,"WFX_AoE2, Blast2",FALSE,25,0,,0,,I2,,1a,Up,TRUE,FALSE,Light,
347,,,,,,,,,,,,,,,,,,,,,,,,,,
348,,ms-weapon-longsword,,Light,0,Light,Attack-01,,0.1,,,,TRUE,3,0,,0,,I1,,1a,Right,FALSE,FALSE,Light,
349,patchAnim_,ms-weapon-longsword,,Light,0,Light,Attack-02,,0.1,,,,TRUE,5,0,,0,,I1,"1a, 2a, 3a, 4a",1b,Left,FALSE,FALSE,Medium,
350,patchAnim_,ms-weapon-longsword,,Light,1,Light,Attack-03,,0.1,,Blast1,,TRUE,5,10,,0,,I1,"1b, 2b, 3a, 4a",1c,Right,FALSE,FALSE,Medium,
351,,ms-weapon-longsword,,Power,5,Heavy,Attack-04,,12,,,"PowerAttack5, WFX_AoE5",FALSE,15,0,,0,,I1H,,1ah,Left,FALSE,TRUE,Over the Top,
352,,ms-weapon-longsword,,Heavy,2,Medium,Attack-06,,0.2,,Blast2,Blast1,TRUE,10,0,,0,,I2,,2a,Up,FALSE,FALSE,Medium,
353,patchAnim_,ms-weapon-longsword,,Heavy,2,Medium,Attack-07,,0.2,,Blast2,Blast1,TRUE,15,,,0,,I2,"1a, 2a, 3a, 4a",2b,Up,FALSE,FALSE,Medium,
354,patchAnim_,ms-weapon-longsword,,Heavy,1,Medium,Attack-08,,0.2,,Blast3,Blast1,TRUE,15,30,,0,,I2,"1b, 2b, 3a, 4a",2c,Up,FALSE,FALSE,Medium,
355,,ms-weapon-longsword,,Power,5,Heavy,Attack-09,,15,,,"PowerAttack5, WFX_AoE5",FALSE,20,0,,0,,I2H,,2ah,Up,FALSE,TRUE,Over the Top,
356,,ms-weapon-longsword,,Light,1,Medium,Attack-13,,4,,,"WFX_AoE2, Blast2",FALSE,22,0,,0,,I1,,1a,Down,TRUE,FALSE,Light,
357,,ms-weapon-longsword,,Light,1,Medium,Attack-13,,4,,,"WFX_AoE2, Blast2",FALSE,25,0,,0,,I2,,1a,Up,TRUE,FALSE,Light,
358,,,,,,,,,,,,,,,,,,,,,,,,,,
359,,ms-weapon-greatsword,,Heavy,2,Heavy,Attack-01,,0.3,,Blast1,,TRUE,20,0,,0,,I1,,1a,Right,FALSE,FALSE,Light,
360,patchAnim_,ms-weapon-greatsword,,Heavy,2,Heavy,Attack-02,,0.3,,Blast1,,FALSE,30,15,,0,,I1,"1a, 2a, 3a, 4a",1b,Left,FALSE,FALSE,Medium,
361,patchAnim_,ms-weapon-greatsword,,Heavy,2,Heavy,Attack-03,,0.3,,,Blast3,FALSE,35,0,,0,,I1,"1b, 2b, 3a, 4a",1c,Right,FALSE,FALSE,Medium,
362,,ms-weapon-greatsword,,Power,6,Ultraheavy,Attack-04,,20,"Pierce, Bash",,"PowerAttack5, WFX_AoE5, Blast5, Bomb5",FALSE,65,0,,0,,I1H,,1ah,Up,FALSE,FALSE,Over the Top,
363,,ms-weapon-greatsword,,Heavy,5,Heavy,Attack-06,,0.4,,Blast2,Blast1,TRUE,40,0,,0,,I2,,2a,Up,FALSE,FALSE,Medium,
364,patchAnim_,ms-weapon-greatsword,,Heavy,5,Heavy,Attack-07,,0.4,,Blast3,Blast1,TRUE,45,25,,0,,I2,"1a, 2a, 3a, 4a",2b,Up,FALSE,FALSE,Over the Top,
365,patchAnim_,ms-weapon-greatsword,,Heavy,5,Heavy,Attack-08,,0.4,,Blast3,Blast1,FALSE,50,0,,0,,I2,"1b, 2b, 3a, 4a",2c,Up,FALSE,FALSE,Over the Top,
366,,ms-weapon-greatsword,,Power,6,Ultraheavy,Attack-09,,30,"Pierce, Bash",,"PowerAttack5, WFX_AoE5, Blast5, Bomb5",FALSE,95,0,,0,,I2H,,2ah,Up,FALSE,FALSE,Over the Top,
367,,ms-weapon-greatsword,,Heavy,4,Heavy,Attack-13,,7,,,"WFX_AoE2, Blast2",FALSE,75,0,,0,,I1,,1a,Up,TRUE,FALSE,Over the Top,
368,,ms-weapon-greatsword,,Heavy,4,Heavy,Attack-13,,7,,,"WFX_AoE2, Blast2",FALSE,95,0,,0,,I2,,1a,Up,TRUE,FALSE,Over the Top,
369,,,,,,,,,,,,,,,,,,,,,,,,,,
370,,ms-weapon-staff,,Light,3,Heavy,Attack-01,,0.5,,Blast1,,TRUE,20,0,,0,,I1,,1a,Right,FALSE,FALSE,Light,
371,patchAnim_,ms-weapon-staff,,Light,3,Heavy,Attack-02,,0.5,,Blast1,,TRUE,25,15,,0,,I1,"1a, 2a, 3a, 4a",1b,Left,FALSE,FALSE,Medium,
372,patchAnim_,ms-weapon-staff,,Light,3,Heavy,Attack-03,,0.5,,,Blast1,FALSE,35,0,,0,,I1,"1b, 2b, 3a, 4a",1c,Right,FALSE,FALSE,Medium,
373,,ms-weapon-staff,,Power,5,Ultraheavy,Attack-04,,25,Bash,,"PowerAttack5, WFX_AoE5, Blast5",FALSE,45,0,,0,,I1H,,1ah,Up,FALSE,FALSE,Over the Top,
374,,ms-weapon-staff,,Heavy,4,Ultraheavy,Attack-06,,0.5,,,Blast1,TRUE,35,0,,0,,I2,,2a,Up,FALSE,FALSE,Medium,
375,patchAnim_,ms-weapon-staff,,Heavy,4,Ultraheavy,Attack-07,,0.5,,,Blast1,TRUE,40,25,,0,,I2,"1a, 2a, 3a, 4a",2b,Up,FALSE,FALSE,Over the Top,
376,patchAnim_,ms-weapon-staff,,Heavy,4,Ultraheavy,Attack-08,,0.5,,Blast3,Blast1,FALSE,45,0,,0,,I2,"1b, 2b, 3a, 4a",2c,Up,FALSE,FALSE,Over the Top,
377,,ms-weapon-staff,,Power,5,Ultraheavy,Attack-09,,35,"Pierce, Bash",Blast3,"PowerAttack5, WFX_AoE5, Blast5",FALSE,55,0,,0,,I2H,,2ah,Up,FALSE,FALSE,Over the Top,
378,,ms-weapon-staff,,Heavy,4,Heavy,Attack-13,,2.5,,,"WFX_AoE2, Blast2",FALSE,75,0,,0,,I1,,1a,Up,TRUE,FALSE,Over the Top,
379,,ms-weapon-staff,,Heavy,4,Heavy,Attack-13,,2.5,,,"WFX_AoE2, Blast2",FALSE,95,0,,0,,I2,,1a,Up,TRUE,FALSE,Over the Top,
380,,,,,,,,,,,,,,,,,,,,,,,,,,
381,,ms-weapon-hammer,,Heavy,1,Heavy,Attack-01,,0.4,,Blast1,,TRUE,20,0,,0,,I1,,1a,Right,FALSE,FALSE,Light,
382,patchAnim_,ms-weapon-hammer,,Heavy,1,Heavy,Attack-02,,0.4,,Blast1,,TRUE,35,20,,0,,I1,"1a, 2a, 3a, 4a",1b,Left,FALSE,FALSE,Medium,
383,patchAnim_,ms-weapon-hammer,,Heavy,1,Heavy,Attack-03,,0.4,,,Blast5,FALSE,40,0,,0,,I1,"1b, 2b, 3a, 4a",1c,Right,FALSE,FALSE,Medium,
384,,ms-weapon-hammer,,Power,5,Heavy,Attack-04,,25,Bash,,"PowerAttack5, WFX_AoE5",FALSE,75,0,,0,,I1H,,1ah,Up,FALSE,FALSE,Over the Top,
385,,ms-weapon-hammer,,Heavy,3,Ultraheavy,Attack-06,,0.5,,,Blast5,TRUE,45,0,,0,,I2,,2a,Up,FALSE,FALSE,Medium,
386,patchAnim_,ms-weapon-hammer,,Heavy,3,Ultraheavy,Attack-07,,0.5,,,Blast5,TRUE,50,30,,0,,I2,"1a, 2a, 3a, 4a",2b,Up,FALSE,FALSE,Over the Top,
387,patchAnim_,ms-weapon-hammer,,Heavy,3,Ultraheavy,Attack-08,,0.5,,Blast3,,FALSE,55,0,,0,,I2,"1b, 2b, 3a, 4a",2c,Up,FALSE,FALSE,Over the Top,
388,,ms-weapon-hammer,,Power,5,Ultraheavy,Attack-09,,35,"Pierce, Bash",Blast3,"PowerAttack5, WFX_AoE5",FALSE,95,0,,0,,I2H,,2ah,Up,FALSE,FALSE,Over the Top,
389,,ms-weapon-hammer,,Heavy,4,Medium,Attack-13,,10,,,"WFX_AoE2, Blast2",FALSE,85,0,,0,,I1,,1a,Up,TRUE,FALSE,Over the Top,
390,,ms-weapon-hammer,,Heavy,4,Medium,Attack-13,,10,,,"WFX_AoE2, Blast2",FALSE,95,0,,0,,I2,,1a,Up,TRUE,FALSE,Over the Top,
391,,,,,,,,,,,,,,,,,,,,,,,,,,
392,,ms-weapon-axe,,Heavy,1,Heavy,Attack-01,,0.4,,Blast1,,TRUE,20,0,,0,,I1,,1a,Right,FALSE,FALSE,Light,
393,patchAnim_,ms-weapon-axe,,Heavy,1,Heavy,Attack-02,,0.4,,Blast1,,TRUE,35,20,,0,,I1,"1a, 2a, 3a, 4a",1b,Left,FALSE,FALSE,Medium,
394,patchAnim_,ms-weapon-axe,,Heavy,1,Heavy,Attack-03,,0.4,,,Blast5,FALSE,40,0,,0,,I1,"1b, 2b, 3a, 4a",1c,Right,FALSE,FALSE,Medium,
395,,ms-weapon-axe,,Power,5,Heavy,Attack-04,,25,Bash,,"PowerAttack5, WFX_AoE5",FALSE,75,0,,0,,I1H,,1ah,Up,FALSE,FALSE,Over the Top,
396,,ms-weapon-axe,,Heavy,3,Ultraheavy,Attack-06,,0.5,,,Blast5,TRUE,45,0,,0,,I2,,2a,Up,FALSE,FALSE,Medium,
397,patchAnim_,ms-weapon-axe,,Heavy,3,Ultraheavy,Attack-07,,0.5,,,Blast5,TRUE,50,30,,0,,I2,"1a, 2a, 3a, 4a",2b,Up,FALSE,FALSE,Over the Top,
398,patchAnim_,ms-weapon-axe,,Heavy,3,Ultraheavy,Attack-08,,0.5,,Blast3,,FALSE,55,0,,0,,I2,"1b, 2b, 3a, 4a",2c,Up,FALSE,FALSE,Over the Top,
399,,ms-weapon-axe,,Power,5,Ultraheavy,Attack-09,,35,"Pierce, Bash",Blast3,"PowerAttack5, WFX_AoE5",FALSE,95,0,,0,,I2H,,2ah,Up,FALSE,FALSE,Over the Top,
400,,ms-weapon-axe,,Heavy,4,Medium,Attack-13,,10,,,"WFX_AoE2, Blast2",FALSE,85,0,,0,,I1,,1a,Up,TRUE,FALSE,Over the Top,
401,,ms-weapon-axe,,Heavy,4,Medium,Attack-13,,10,,,"WFX_AoE2, Blast2",FALSE,95,0,,0,,I2,,1a,Up,TRUE,FALSE,Over the Top,
402,patchAnim_,ms-weapon-shield-buckler,,Light,3,Medium,Attack-12,,0.5,Parry,,"WFX_AoE3, Blast3",TRUE,50,0,,0,,I4,,1a,Right,FALSE,FALSE,Light,
403,patchAnim_,ms-weapon-shield-kite,,Heavy,4,Heavy,Attack-12,,1.5,"Bash, Parry",,"WFX_AoE5, Blast5, Ruckus_Small, Bomb5",TRUE,100,0,,0,,I4,,1a,Right,FALSE,FALSE,Light,
404,patchAnim_,ms-weapon-crossbow,,Heavy,1,Light,Attack-11,,1,,,,TRUE,45,0,,0,,I3,,3a,Right,FALSE,FALSE,Light,
405,patchAnim_,ms-weapon-crossbow,,Vitals,2,Medium,Attack-12,,2,Parry,,,TRUE,70,0,,0,25,I4,,4a,Right,FALSE,FALSE,Light,
406,patchAnim_,ms-weapon-wand,,Heavy,2,Light,Attack-11,,2,,,,TRUE,45,0,,0,,I3,,3a,Right,FALSE,FALSE,Light,
407,patchAnim_,ms-weapon-wand,,Power,3,Medium,Attack-12,,4,,,,TRUE,70,0,,0,,I4,,4a,Right,FALSE,FALSE,Light,
408,patchAnim_,ms-weapon-shield-cannon,,Power,3,Medium,Attack-12,,4,,,,TRUE,70,0,,0,,I4,,4a,Right,FALSE,FALSE,Light,
